[SETTINGS],,,,
SettingName,Value,Lane,,
SpikeInAsUnassigned,FALSE,,,
# Lines can be commented out with a leading # sign. ,,,,
# Read mask is set to all cycles less the last imaged (which is used for calculations),,,,
R1FastQMask,R1:Y*N,1+2,,
R2FastQMask,R2:Y*N,1+2,,
,,,,
# Index mask is set to index length with no FASTQ generated for Lanes 1 and 2.,,,,
I1Mask,I1:Y*,1+2,,
I1Fastq,FALSE,1+2,,
I1MismatchThreshold,1,1+2,,
I2Mask,I2:Y*,1+2,,
I2Fastq,FALSE,1+2,,
I2MismatchThreshold,1,1+2,,
,,,,
# UMI mask is set to nothing with no FASTQ generated for Lanes 1 and 2.,,,,
UmiMask,I1:N*, 1+2,,
UmiFastQ,FALSE,1+2,,
,,,,
# You can optionally trim adapters. The Elevate adapter is known so no need to specify.  In this template adapter trimming is turned off. ,,,,
AdapterTrimType, Paired-End, 1+2,,
,,,,
# Define the Read 1 Adapter sequence associated with the Adept Preparation Workflow & adapter trimming settings. An example Adapter value is provided below.,,,,
R1Adapter,,1+2,,
R1AdapterTrim,FALSE,1+2,,
R1AdapterNMask,FALSE,1+2,,
,,,,
# Define the Read 2 Adapter sequence associated with the Adept Preparation Workflow & adapter trimming settings. An example Adapter value is provided below.,,,,
R2Adapter,,1+2,,
R2AdapterTrim,FALSE,1+2,,
R2AdapterNMask,FALSE,1+2,,
#Please visit  https://docs.elembio.io/docs/run-manifest/settings/#adapter-trimming-settings for additional adapter trimming settings,,,,
,,,,
[RunValues],,,,
Keyname, Value,,,
Example-Custom-Key,Additional metadata can be added as a key-value pair.,,,
,,,,
[SAMPLES],,,,
SampleName,Index1,Index2,Lane,Project
# Make sure that in the Index1 and Index2 columns the index sequences for each library is in the same orientation (samples and PhiX controls).,,,,
PhiX,ATGTCGCTAG,CTAGCTCGTA,1+2,
PhiX,CACAGATCGT,ACGAGAGTCT,1+2,
PhiX,GCACATAGTC,GACTACTAGC,1+2,
PhiX,TGTGTCGACA,TGTCTGACAG,1+2,
,,,,
# Fill in the correct sample schema associated with the Adept Preparation Workflow for all sequenced samples. For example:,,,,
ExampleSample_1,AAAAAAAAAA,GGGGGGGGGG,1+2,
ExampleSample_2,TTTTTTTTTT,CCCCCCCCCC,1+2,
